feature,importance
season,0.40329772190408186
event_count,0.1630731802626176
first_time_ratio,0.15282076657490767
attendance_lag1,0.12583287200543614
weekend_events,0.07925888387611195
patron_retention,0.07571657537684494
