Scenario,Forecasted_Revenue
Optimistic,59858.3874015344
Baseline,59858.3874015344
Conservative,59656.921811510525
